"Country.of.asylum","Year","Total_recognised","Total_protection"
"Afghanistan",2006,0,0
"Afghanistan",2007,10,0
"Afghanistan",2008,0,0
"Afghanistan",2009,0,0
"Afghanistan",2010,10,0
"Afghanistan",2011,26,0
"Afghanistan",2012,10,0
"Afghanistan",2013,0,0
"Afghanistan",2014,30,0
"Afghanistan",2015,98,0
"Afghanistan",2016,5,0
"Afghanistan",2017,10,0
"Afghanistan",2018,0,0
"Afghanistan",2019,0,0
"Afghanistan",2020,61,0
"Albania",2006,5,5
"Albania",2007,5,0
"Albania",2008,0,0
"Albania",2011,0,0
"Albania",2012,5,0
"Albania",2013,5,0
"Albania",2014,0,10
"Albania",2015,44,0
"Albania",2016,10,19
"Albania",2017,0,5
"Albania",2018,0,10
"Albania",2019,23,0
"Albania",2020,5,0
"Algeria",2006,68,0
"Algeria",2007,0,0
"Algeria",2008,25,0
"Algeria",2009,15,0
"Algeria",2010,16,0
"Algeria",2011,10,0
"Algeria",2012,15,0
"Algeria",2013,20,0
"Algeria",2014,0,0
"Algeria",2015,69,0
"Algeria",2016,64,0
"Algeria",2017,86,0
"Algeria",2018,149,0
"Algeria",2019,206,0
"Algeria",2020,177,0
"Angola",2006,134,5
"Angola",2007,79,0
"Angola",2008,93,0
"Angola",2009,291,0
"Angola",2010,136,0
"Angola",2011,1073,0
"Angola",2013,0,0
"Angola",2014,0,0
"Angola",2015,113,0
"Antigua and Barbuda",2015,15,0
"Argentina",2006,50,0
"Argentina",2007,54,0
"Argentina",2008,98,0
"Argentina",2009,110,0
"Argentina",2010,32,0
"Argentina",2011,74,29
"Argentina",2012,125,0
"Argentina",2013,214,0
"Argentina",2014,124,0
"Argentina",2015,105,0
"Argentina",2016,162,0
"Argentina",2017,85,0
"Argentina",2018,127,0
"Argentina",2019,419,0
"Argentina",2020,124,0
"Armenia",2006,0,256
"Armenia",2007,0,253
"Armenia",2008,0,122
"Armenia",2009,13,38
"Armenia",2010,23,0
"Armenia",2011,45,0
"Armenia",2012,155,0
"Armenia",2013,463,0
"Armenia",2014,138,0
"Armenia",2015,200,0
"Armenia",2016,35,0
"Armenia",2017,102,0
"Armenia",2018,73,0
"Armenia",2019,82,0
"Armenia",2020,86,0
"Aruba",2015,0,0
"Australia",2006,1249,0
"Australia",2007,1662,0
"Australia",2008,1818,0
"Australia",2009,3418,0
"Australia",2010,3820,0
"Australia",2011,5705,0
"Australia",2012,8330,0
"Australia",2013,5006,0
"Australia",2014,2507,0
"Australia",2015,3154,0
"Australia",2016,6579,0
"Australia",2017,7998,0
"Australia",2018,10287,0
"Australia",2019,5022,0
"Australia",2020,3450,0
"Austria",2006,4051,891
"Austria",2007,5192,1624
"Austria",2008,3752,1604
"Austria",2009,3230,1528
"Austria",2010,2963,1740
"Austria",2011,3566,2017
"Austria",2012,3670,2047
"Austria",2013,4122,1817
"Austria",2015,14404,2463
"Austria",2016,22291,3669
"Austria",2017,21749,7066
"Austria",2018,14671,4188
"Austria",2019,9710,2228
"Austria",2020,8057,2515
"Azerbaijan",2006,405,0
"Azerbaijan",2007,310,0
"Azerbaijan",2008,193,0
"Azerbaijan",2009,36,0
"Azerbaijan",2010,169,0
"Azerbaijan",2011,26,5
"Azerbaijan",2012,38,11
"Azerbaijan",2013,83,0
"Azerbaijan",2014,73,0
"Azerbaijan",2015,128,0
"Azerbaijan",2016,102,0
"Azerbaijan",2017,81,0
"Azerbaijan",2018,49,0
"Azerbaijan",2019,42,0
"Azerbaijan",2020,498,0
"Bahamas",2010,0,0
"Bahamas",2011,0,0
"Bahamas",2012,17,0
"Bahamas",2013,15,0
"Bahamas",2016,0,0
"Bahamas",2017,0,0
"Bahamas",2018,5,0
"Bahamas",2019,0,0
"Bahamas",2020,5,0
"Bahrain",2008,48,0
"Bahrain",2009,91,0
"Bahrain",2010,63,0
"Bahrain",2011,0,47
"Bahrain",2012,89,5
"Bahrain",2013,17,0
"Bahrain",2014,57,0
"Bahrain",2016,34,0
"Bahrain",2018,10,0
"Bangladesh",2006,0,0
"Bangladesh",2007,42,0
"Bangladesh",2008,80,0
"Bangladesh",2009,28,0
"Bangladesh",2010,10,0
"Bangladesh",2011,0,0
"Bangladesh",2012,5,0
"Bangladesh",2013,14,0
"Bangladesh",2015,0,0
"Bangladesh",2018,0,0
"Bangladesh",2019,10,0
"Bangladesh",2020,19,0
"Barbados",2020,0,0
"Belarus",2006,5,10
"Belarus",2007,5,0
"Belarus",2008,10,5
"Belarus",2009,23,0
"Belarus",2010,20,5
"Belarus",2011,15,0
"Belarus",2012,15,0
"Belarus",2013,20,30
"Belarus",2014,27,317
"Belarus",2015,21,877
"Belarus",2016,0,594
"Belarus",2017,0,546
"Belarus",2018,5,845
"Belarus",2019,10,608
"Belarus",2020,15,453
"Belgium",2006,2357,10
"Belgium",2007,2672,433
"Belgium",2008,3019,479
"Belgium",2009,2609,601
"Belgium",2010,2872,859
"Belgium",2011,4146,1318
"Belgium",2012,4029,1570
"Belgium",2013,4240,2399
"Belgium",2014,6833,1588
"Belgium",2015,9358,1669
"Belgium",2016,12466,3287
"Belgium",2017,9655,2920
"Belgium",2018,3750,1295
"Belgium",2019,3171,531
"Belgium",2020,4990,1015
"Belize",2006,0,0
"Belize",2009,0,5
"Belize",2010,0,0
"Belize",2012,0,0
"Belize",2013,0,0
"Belize",2014,0,0
"Belize",2015,34,0
"Belize",2018,29,0
"Belize",2019,0,0
"Belize",2020,0,0
"Benin",2006,224,0
"Benin",2007,31,0
"Benin",2008,103,0
"Benin",2009,50,0
"Benin",2010,21,0
"Benin",2011,147,0
"Benin",2012,171,0
"Benin",2013,105,0
"Benin",2014,228,0
"Benin",2015,124,0
"Benin",2016,269,0
"Benin",2017,247,0
"Benin",2018,160,0
"Benin",2019,48,0
"Benin",2020,0,0
"Bolivia (Plurinational State of)",2006,30,0
"Bolivia (Plurinational State of)",2007,16,0
"Bolivia (Plurinational State of)",2008,30,0
"Bolivia (Plurinational State of)",2009,13,0
"Bolivia (Plurinational State of)",2010,14,5
"Bolivia (Plurinational State of)",2011,21,0
"Bolivia (Plurinational State of)",2012,13,5
"Bolivia (Plurinational State of)",2013,10,0
"Bolivia (Plurinational State of)",2014,17,0
"Bolivia (Plurinational State of)",2015,5,0
"Bolivia (Plurinational State of)",2016,5,0
"Bolivia (Plurinational State of)",2019,0,0
"Bolivia (Plurinational State of)",2020,253,0
"Bosnia and Herzegovina",2006,10,0
"Bosnia and Herzegovina",2007,0,0
"Bosnia and Herzegovina",2008,0,0
"Bosnia and Herzegovina",2009,0,5
"Bosnia and Herzegovina",2010,0,0
"Bosnia and Herzegovina",2011,0,5
"Bosnia and Herzegovina",2012,0,10
"Bosnia and Herzegovina",2013,0,43
"Bosnia and Herzegovina",2014,5,5
"Bosnia and Herzegovina",2015,0,5
"Bosnia and Herzegovina",2016,0,5
"Bosnia and Herzegovina",2017,0,5
"Bosnia and Herzegovina",2018,0,15
"Bosnia and Herzegovina",2019,5,41
"Bosnia and Herzegovina",2020,0,33
"Botswana",2006,55,0
"Botswana",2007,49,0
"Botswana",2008,747,0
"Botswana",2009,48,0
"Botswana",2010,12,0
"Botswana",2011,149,0
"Botswana",2012,83,5
"Botswana",2013,10,0
"Botswana",2014,0,0
"Botswana",2015,15,0
"Botswana",2016,5,0
"Botswana",2017,36,0
"Botswana",2018,70,0
"Botswana",2019,96,0
"Botswana",2020,5,0
"Brazil",2006,194,5
"Brazil",2007,137,5
"Brazil",2008,87,15
"Brazil",2009,244,0
"Brazil",2010,129,0
"Brazil",2011,93,720
"Brazil",2012,176,0
"Brazil",2013,654,0
"Brazil",2014,2255,0
"Brazil",2015,1198,0
"Brazil",2016,931,79
"Brazil",2017,586,0
"Brazil",2018,1074,0
"Brazil",2019,21532,0
"Brazil",2020,26257,0
"British Virgin Islands",2014,0,0
"British Virgin Islands",2016,0,0
"Bulgaria",2006,10,77
"Bulgaria",2007,10,319
"Bulgaria",2008,26,261
"Bulgaria",2009,33,225
"Bulgaria",2010,20,111
"Bulgaria",2011,5,180
"Bulgaria",2012,15,152
"Bulgaria",2013,180,2264
"Bulgaria",2014,5153,1832
"Bulgaria",2015,4695,882
"Bulgaria",2016,763,583
"Bulgaria",2017,802,892
"Bulgaria",2018,311,414
"Bulgaria",2019,475,0
"Bulgaria",2020,102,706
"Burkina Faso",2006,0,0
"Burkina Faso",2007,40,0
"Burkina Faso",2008,24,0
"Burkina Faso",2009,5,0
"Burkina Faso",2010,0,0
"Burkina Faso",2011,30,0
"Burkina Faso",2013,10,10
"Burkina Faso",2014,27,0
"Burkina Faso",2015,118,0
"Burkina Faso",2016,93,0
"Burkina Faso",2017,65,0
"Burkina Faso",2018,41,0
"Burkina Faso",2019,29,0
"Burkina Faso",2020,29,0
"Burundi",2006,1099,0
"Burundi",2007,167,0
"Burundi",2008,3274,0
"Burundi",2009,2630,5
"Burundi",2010,4691,349
"Burundi",2011,5439,0
"Burundi",2012,6420,0
"Burundi",2013,7340,0
"Burundi",2014,6780,0
"Burundi",2015,3228,0
"Burundi",2016,5142,0
"Burundi",2017,5585,0
"Burundi",2018,10695,0
"Burundi",2019,8900,68
"Burundi",2020,3876,0
"Cambodia",2006,77,0
"Cambodia",2007,134,0
"Cambodia",2008,51,0
"Cambodia",2009,15,0
"Cambodia",2010,5,0
"Cambodia",2011,5,0
"Cambodia",2012,12,0
"Cambodia",2013,10,0
"Cambodia",2014,0,0
"Cambodia",2015,13,0
"Cambodia",2016,5,0
"Cambodia",2017,5,0
"Cambodia",2020,0,0
"Cameroon",2006,1421,0
"Cameroon",2007,1495,0
"Cameroon",2008,1101,0
"Cameroon",2009,1756,0
"Cameroon",2010,1250,0
"Cameroon",2011,688,0
"Cameroon",2012,152,0
"Cameroon",2013,87,0
"Cameroon",2014,4009,0
"Cameroon",2015,6002,0
"Cameroon",2016,2903,0
"Cameroon",2017,1303,0
"Cameroon",2018,2549,0
"Cameroon",2019,1649,0
"Cameroon",2020,1464,0
"Canada",2006,9248,0
"Canada",2007,5840,0
"Canada",2008,7541,0
"Canada",2009,11151,0
"Canada",2010,12279,0
"Canada",2011,12987,0
"Canada",2012,10285,0
"Canada",2013,7794,0
"Canada",2014,9918,0
"Canada",2015,9138,0
"Canada",2016,10214,0
"Canada",2017,13084,0
"Canada",2018,16838,0
"Canada",2019,27168,0
"Canada",2020,19596,0
"Cayman Islands",2013,5,0
"Cayman Islands",2015,5,0
"Cayman Islands",2016,10,0
"Cayman Islands",2017,11,0
"Cayman Islands",2018,5,0
"Cayman Islands",2019,5,0
"Cayman Islands",2020,0,0
"Central African Rep.",2006,465,0
"Central African Rep.",2007,356,0
"Central African Rep.",2008,431,0
"Central African Rep.",2009,350,0
"Central African Rep.",2011,0,0
"Central African Rep.",2014,0,0
"Central African Rep.",2015,0,49
"Central African Rep.",2016,0,0
"Central African Rep.",2017,15,10
"Central African Rep.",2018,234,0
"Central African Rep.",2019,49,0
"Central African Rep.",2020,20,0
"Chad",2006,0,5
"Chad",2007,0,0
"Chad",2008,0,0
"Chad",2009,5,0
"Chad",2010,22,0
"Chad",2011,5850,0
"Chad",2012,3960,0
"Chad",2013,170,0
"Chad",2014,897,0
"Chad",2015,1084,0
"Chad",2016,932,0
"Chad",2017,300,0
"Chad",2018,394,0
"Chad",2019,62,0
"Chad",2020,42,0
"Chile",2006,282,0
"Chile",2007,243,0
"Chile",2008,119,0
"Chile",2010,66,0
"Chile",2011,5,67
"Chile",2012,10,0
"Chile",2013,32,15
"Chile",2014,19,0
"Chile",2015,73,0
"Chile",2016,32,0
"Chile",2017,90,0
"Chile",2018,175,0
"Chile",2019,20,0
"Chile",2020,5,0
"China",2006,21,0
"China",2007,107,0
"China",2008,26,0
"China",2009,25,0
"China",2010,26,0
"China",2011,46,5
"China",2012,47,0
"China",2013,46,0
"China",2014,76,0
"China",2015,45,0
"China",2016,42,0
"China",2017,78,0
"China",2018,35,0
"China",2019,47,0
"China",2020,53,0
"China, Hong Kong SAR",2006,45,0
"China, Hong Kong SAR",2007,15,5
"China, Hong Kong SAR",2008,41,0
"China, Hong Kong SAR",2009,26,0
"China, Hong Kong SAR",2010,78,5
"China, Hong Kong SAR",2011,31,0
"China, Hong Kong SAR",2012,10,0
"China, Hong Kong SAR",2013,33,0
"China, Hong Kong SAR",2014,73,0
"China, Hong Kong SAR",2015,5,0
"China, Hong Kong SAR",2016,10,0
"China, Hong Kong SAR",2017,5,0
"China, Hong Kong SAR",2019,10,0
"China, Macao SAR",2009,5,0
"China, Macao SAR",2010,0,0
"China, Macao SAR",2011,0,0
"China, Macao SAR",2012,5,0
"China, Macao SAR",2018,0,0
"Colombia",2006,0,0
"Colombia",2007,25,0
"Colombia",2008,5,0
"Colombia",2009,26,0
"Colombia",2010,5,0
"Colombia",2011,5,0
"Colombia",2012,5,0
"Colombia",2013,5,0
"Colombia",2014,12,0
"Colombia",2015,15,0
"Colombia",2016,35,0
"Colombia",2017,18,0
"Colombia",2018,38,0
"Colombia",2019,337,0
"Colombia",2020,351,0
"Comoros",2020,0,0
"Congo",2006,36,0
"Congo",2007,62,0
"Congo",2008,26,0
"Congo",2009,38,0
"Congo",2010,150,0
"Congo",2011,50,0
"Congo",2012,17,0
"Congo",2013,95,0
"Congo",2014,60,44
"Congo",2015,69,0
"Congo",2016,32,0
"Congo",2017,1573,0
"Congo",2018,770,0
"Congo",2019,29,0
"Congo",2020,1075,0
"Costa Rica",2006,443,0
"Costa Rica",2007,176,0
"Costa Rica",2008,388,0
"Costa Rica",2009,451,0
"Costa Rica",2010,148,0
"Costa Rica",2011,219,0
"Costa Rica",2012,123,0
"Costa Rica",2013,120,0
"Costa Rica",2014,173,0
"Costa Rica",2015,261,0
"Costa Rica",2016,604,0
"Costa Rica",2017,368,0
"Costa Rica",2018,185,0
"Costa Rica",2019,1370,0
"Costa Rica",2020,3435,0
"Cote d'Ivoire",2006,54,0
"Cote d'Ivoire",2007,35,0
"Cote d'Ivoire",2008,21,0
"Cote d'Ivoire",2009,24,0
"Cote d'Ivoire",2010,68,0
"Cote d'Ivoire",2011,10,0
"Cote d'Ivoire",2012,20,0
"Cote d'Ivoire",2013,42,0
"Cote d'Ivoire",2014,202,0
"Cote d'Ivoire",2015,104,0
"Cote d'Ivoire",2016,38,0
"Cote d'Ivoire",2017,112,0
"Cote d'Ivoire",2018,195,0
"Cote d'Ivoire",2019,100,0
"Cote d'Ivoire",2020,37,0
"Croatia",2006,0,0
"Croatia",2007,0,0
"Croatia",2008,0,5
"Croatia",2009,10,0
"Croatia",2010,0,5
"Croatia",2011,5,0
"Croatia",2012,15,11
"Croatia",2013,5,15
"Croatia",2014,10,5
"Croatia",2015,20,5
"Croatia",2016,76,14
"Croatia",2017,180,19
"Croatia",2018,234,24
"Croatia",2019,143,0
"Croatia",2020,33,0
"Cuba",2006,23,0
"Cuba",2007,15,0
"Cuba",2008,0,0
"Cuba",2009,5,0
"Cuba",2010,5,0
"Cuba",2011,10,0
"Cuba",2012,59,0
"Cuba",2013,24,0
"Cuba",2014,15,0
"Cuba",2015,90,0
"Cuba",2016,45,0
"Cuba",2017,15,0
"Cuba",2018,0,0
"Cuba",2019,10,0
"Cuba",2020,10,0
"Curacao ",2010,5,0
"Curacao ",2011,0,0
"Curacao ",2014,18,0
"Curacao ",2015,10,0
"Curacao ",2016,10,0
"Curacao ",2017,31,0
"Curacao ",2018,10,0
"Curacao ",2019,13,0
"Curacao ",2020,30,0
"Cyprus",2006,51,171
"Cyprus",2007,38,225
"Cyprus",2008,85,178
"Cyprus",2009,74,1338
"Cyprus",2010,51,460
"Cyprus",2011,56,40
"Cyprus",2012,83,40
"Cyprus",2013,35,211
"Cyprus",2014,85,1147
"Cyprus",2015,299,1646
"Cyprus",2016,214,1187
"Cyprus",2017,239,1063
"Cyprus",2018,185,1016
"Cyprus",2019,155,1147
"Cyprus",2020,163,1510
"Czechia",2006,362,0
"Czechia",2007,251,191
"Czechia",2008,195,133
"Czechia",2009,165,20
"Czechia",2010,232,95
"Czechia",2011,108,264
"Czechia",2012,50,141
"Czechia",2013,91,250
"Czechia",2014,60,284
"Czechia",2015,69,394
"Czechia",2016,141,304
"Czechia",2017,30,115
"Czechia",2018,25,101
"Czechia",2019,51,88
"Czechia",2020,39,74
"Dem. Rep. of the Congo",2006,17,0
"Dem. Rep. of the Congo",2007,5,0
"Dem. Rep. of the Congo",2008,0,0
"Dem. Rep. of the Congo",2011,0,0
"Dem. Rep. of the Congo",2012,62,0
"Dem. Rep. of the Congo",2013,616,0
"Dem. Rep. of the Congo",2014,0,0
"Dem. Rep. of the Congo",2015,334,0
"Dem. Rep. of the Congo",2016,20,0
"Dem. Rep. of the Congo",2017,99,62
"Dem. Rep. of the Congo",2018,71,0
"Dem. Rep. of the Congo",2019,11148,0
"Dem. Rep. of the Congo",2020,10,0
"Denmark",2006,189,97
"Denmark",2007,92,121
"Denmark",2008,274,343
"Denmark",2009,404,417
"Denmark",2010,766,658
"Denmark",2011,936,563
"Denmark",2012,1240,712
"Denmark",2013,1852,1408
"Denmark",2014,3890,1752
"Denmark",2015,7802,2382
"Denmark",2016,4456,2880
"Denmark",2017,1527,1179
"Denmark",2018,1018,584
"Denmark",2019,748,967
"Denmark",2020,315,221
"Djibouti",2006,44,0
"Djibouti",2008,73,20
"Djibouti",2009,192,0
"Djibouti",2010,133,0
"Djibouti",2011,49,5
"Djibouti",2012,107,0
"Djibouti",2013,81,0
"Djibouti",2014,64,0
"Djibouti",2015,6486,0
"Djibouti",2018,0,0
"Djibouti",2019,50,0
"Djibouti",2020,631,0
"Dominican Rep.",2010,5,0
"Dominican Rep.",2011,0,0
"Dominican Rep.",2012,30,0
"Dominican Rep.",2013,5,0
"Dominican Rep.",2014,0,0
"Dominican Rep.",2015,5,0
"Dominican Rep.",2016,5,0
"Dominican Rep.",2018,0,0
"Dominican Rep.",2019,0,0
"Dominican Rep.",2020,0,0
"Ecuador",2006,1992,0
"Ecuador",2007,880,2116
"Ecuador",2008,35,4421
"Ecuador",2009,26324,0
"Ecuador",2010,1376,6525
"Ecuador",2011,2662,0
"Ecuador",2012,1540,0
"Ecuador",2013,509,0
"Ecuador",2016,271,0
"Ecuador",2017,217,0
"Ecuador",2018,4742,0
"Ecuador",2019,3229,0
"Ecuador",2020,810,195
"Egypt",2006,1281,0
"Egypt",2007,1323,0
"Egypt",2008,1099,0
"Egypt",2009,1350,0
"Egypt",2010,944,0
"Egypt",2011,767,0
"Egypt",2012,3231,0
"Egypt",2013,4119,0
"Egypt",2014,4282,0
"Egypt",2015,6884,636
"Egypt",2016,6868,0
"Egypt",2017,10918,0
"Egypt",2018,8577,294
"Egypt",2019,16796,0
"Egypt",2020,14208,0
"El Salvador",2006,0,0
"El Salvador",2008,0,0
"El Salvador",2009,0,0
"El Salvador",2010,5,0
"El Salvador",2011,0,0
"El Salvador",2012,5,0
"El Salvador",2014,10,0
"El Salvador",2015,15,0
"El Salvador",2016,0,0
"El Salvador",2018,5,0
"El Salvador",2019,0,0
"El Salvador",2020,0,0
"Eritrea",2006,31,0
"Eritrea",2007,31,0
"Eritrea",2008,0,0
"Eritrea",2011,0,0
"Eritrea",2013,5,0
"Eritrea",2017,10,0
"Estonia",2007,0,0
"Estonia",2009,0,0
"Estonia",2010,10,5
"Estonia",2011,0,0
"Estonia",2012,5,5
"Estonia",2013,0,0
"Estonia",2014,15,0
"Estonia",2015,17,53
"Estonia",2016,75,62
"Estonia",2017,41,50
"Estonia",2018,15,0
"Estonia",2019,47,5
"Estonia",2020,24,5
"Eswatini",2007,39,0
"Eswatini",2012,10,0
"Eswatini",2014,166,0
"Eswatini",2015,79,0
"Eswatini",2016,30,0
"Eswatini",2017,52,0
"Eswatini",2018,73,0
"Eswatini",2019,56,0
"Eswatini",2020,5,0
"Ethiopia",2006,2700,0
"Ethiopia",2007,19896,0
"Ethiopia",2008,16931,0
"Ethiopia",2009,19140,0
"Ethiopia",2010,3143,0
"Ethiopia",2011,260,0
"Ethiopia",2012,1185,0
"Ethiopia",2013,285,0
"Ethiopia",2014,53,0
"Ethiopia",2015,129,0
"Ethiopia",2016,163,0
"Ethiopia",2017,124,0
"Ethiopia",2018,0,5
"Ethiopia",2019,5,0
"Ethiopia",2020,57,0
"Fiji",2009,0,0
"Fiji",2011,5,0
"Fiji",2014,5,0
"Fiji",2015,0,0
"Fiji",2016,0,0
"Fiji",2019,10,0
"Fiji",2020,5,0
"Finland",2006,32,593
"Finland",2007,60,751
"Finland",2008,91,675
"Finland",2009,101,1227
"Finland",2010,169,1592
"Finland",2011,168,1090
"Finland",2012,549,780
"Finland",2013,553,1243
"Finland",2014,488,835
"Finland",2015,1047,438
"Finland",2016,4569,1789
"Finland",2017,2510,700
"Finland",2018,1836,427
"Finland",2019,2068,440
"Finland",2020,1501,250
"France",2006,10891,895
"France",2007,12922,1237
"France",2008,14841,2910
"France",2009,11970,3745
"France",2010,12556,3051
"France",2011,8172,2421
"France",2012,7362,2543
"France",2013,9097,2252
"France",2014,16592,4421
"France",2015,21274,5506
"France",2016,23963,12577
"France",2017,25253,17718
"France",2018,29018,17900
"France",2019,30051,15998
"France",2020,18868,12267
"Gabon",2006,0,0
"Gabon",2007,23,0
"Gabon",2008,10,0
"Gabon",2009,5,0
"Gabon",2010,0,0
"Gabon",2011,0,0
"Gabon",2012,0,0
"Gabon",2013,5,0
"Gabon",2014,15,0
"Gabon",2015,0,15
"Gabon",2016,0,5
"Gabon",2017,0,57
"Gabon",2018,0,0
"Gabon",2019,0,0
"Gambia",2006,41,0
"Gambia",2007,0,0
"Gambia",2011,0,0
"Gambia",2012,25,0
"Gambia",2013,10,0
"Gambia",2017,5,0
"Gambia",2019,0,0
"Georgia",2006,10,0
"Georgia",2007,10,0
"Georgia",2008,19,0
"Georgia",2009,5,0
"Georgia",2010,10,0
"Georgia",2011,21,0
"Georgia",2012,30,10
"Georgia",2013,23,43
"Georgia",2014,33,114
"Georgia",2015,65,878
"Georgia",2016,41,202
"Georgia",2017,51,32
"Georgia",2018,52,28
"Georgia",2019,43,34
"Georgia",2020,10,18
"Germany",2006,1329,558
"Germany",2007,7171,651
"Germany",2008,7273,528
"Germany",2009,8103,1580
"Germany",2010,7668,2645
"Germany",2011,7065,2544
"Germany",2012,8740,8343
"Germany",2013,10902,9190
"Germany",2014,33293,7236
"Germany",2015,138631,4829
"Germany",2016,263571,179560
"Germany",2017,147612,146412
"Germany",2018,56562,48951
"Germany",2019,53973,38567
"Germany",2020,63456,20187
"Ghana",2006,0,0
"Ghana",2007,16,0
"Ghana",2008,41,0
"Ghana",2009,86,0
"Ghana",2010,32,0
"Ghana",2011,5,0
"Ghana",2012,9192,0
"Ghana",2013,115,0
"Ghana",2014,138,0
"Ghana",2015,221,920
"Ghana",2016,348,0
"Ghana",2017,209,0
"Ghana",2018,488,0
"Ghana",2019,141,0
"Ghana",2020,581,0
"Greece",2006,51,52
"Greece",2007,138,15
"Greece",2008,356,19
"Greece",2009,36,46
"Greece",2010,89,20
"Greece",2011,191,208
"Greece",2012,199,412
"Greece",2013,569,797
"Greece",2014,2054,1738
"Greece",2015,4973,833
"Greece",2016,3219,5287
"Greece",2017,9543,2043
"Greece",2018,12758,2659
"Greece",2019,16125,4115
"Greece",2020,26855,8493
"Grenada",2011,5,0
"Guatemala",2006,0,0
"Guatemala",2007,0,0
"Guatemala",2008,0,0
"Guatemala",2009,0,0
"Guatemala",2010,5,0
"Guatemala",2011,5,0
"Guatemala",2012,5,0
"Guatemala",2013,0,0
"Guatemala",2014,15,0
"Guatemala",2015,63,0
"Guatemala",2016,72,0
"Guatemala",2017,66,0
"Guatemala",2018,20,0
"Guatemala",2019,29,0
"Guatemala",2020,137,0
"Guinea",2006,527,0
"Guinea",2007,368,0
"Guinea",2008,18,0
"Guinea",2010,10,0
"Guinea",2011,205,0
"Guinea",2012,37,40
"Guinea",2013,5,0
"Guinea",2014,123,5
"Guinea",2015,112,0
"Guinea",2016,67,5
"Guinea",2017,90,0
"Guinea",2018,118,0
"Guinea",2019,346,0
"Guinea",2020,902,0
"Guinea-Bissau",2006,215,0
"Guinea-Bissau",2007,70,0
"Guinea-Bissau",2008,23,0
"Guinea-Bissau",2009,15,0
"Guinea-Bissau",2011,13,0
"Guinea-Bissau",2013,0,0
"Guinea-Bissau",2017,5,0
"Guyana",2017,5,0
"Guyana",2018,5,0
"Guyana",2019,0,0
"Guyana",2020,11,0
"Haiti",2009,0,0
"Haiti",2010,0,0
"Haiti",2013,0,0
"Haiti",2014,0,0
"Haiti",2016,5,0
"Haiti",2018,5,0
"Honduras",2006,0,0
"Honduras",2007,0,0
"Honduras",2008,5,0
"Honduras",2009,5,0
"Honduras",2010,0,0
"Honduras",2011,5,0
"Honduras",2012,0,0
"Honduras",2013,0,0
"Honduras",2014,15,0
"Honduras",2015,10,0
"Honduras",2016,0,0
"Honduras",2017,10,0
"Honduras",2018,0,0
"Honduras",2019,45,0
"Honduras",2020,12,0
"Hungary",2006,89,94
"Hungary",2007,152,51
"Hungary",2008,140,128
"Hungary",2009,161,207
"Hungary",2010,58,168
"Hungary",2011,43,98
"Hungary",2012,61,284
"Hungary",2013,168,177
"Hungary",2014,229,233
"Hungary",2015,142,342
"Hungary",2016,154,261
"Hungary",2017,105,1100
"Hungary",2018,61,278
"Hungary",2019,20,23
"Hungary",2020,95,36
"Iceland",2006,0,0
"Iceland",2007,0,0
"Iceland",2008,5,5
"Iceland",2009,5,10
"Iceland",2010,0,5
"Iceland",2011,0,5
"Iceland",2012,0,0
"Iceland",2013,5,10
"Iceland",2014,15,5
"Iceland",2015,25,16
"Iceland",2016,42,40
"Iceland",2017,78,31
"Iceland",2018,96,35
"Iceland",2019,99,244
"Iceland",2020,137,408
"India",2006,548,0
"India",2007,747,0
"India",2008,1318,0
"India",2009,2025,0
"India",2010,3297,0
"India",2011,3336,0
"India",2012,2083,0
"India",2013,4833,0
"India",2014,4341,0
"India",2015,2661,0
"India",2016,3223,0
"India",2017,4446,0
"India",2018,1729,0
"India",2019,3150,0
"India",2020,1404,0
"Indonesia",2006,97,5
"Indonesia",2007,132,0
"Indonesia",2008,174,0
"Indonesia",2009,755,0
"Indonesia",2010,629,0
"Indonesia",2011,639,0
"Indonesia",2012,1218,0
"Indonesia",2013,2410,0
"Indonesia",2014,2455,0
"Indonesia",2015,2408,0
"Indonesia",2016,3211,0
"Indonesia",2017,2641,0
"Indonesia",2018,1499,0
"Indonesia",2019,226,0
"Indonesia",2020,251,0
"Iran (Islamic Rep. of)",2006,81,10
"Iran (Islamic Rep. of)",2007,10,5
"Iran (Islamic Rep. of)",2008,118,0
"Iran (Islamic Rep. of)",2009,86,0
"Iran (Islamic Rep. of)",2010,89,0
"Iran (Islamic Rep. of)",2011,105,0
"Iran (Islamic Rep. of)",2012,69,0
"Iran (Islamic Rep. of)",2013,18,0
"Iran (Islamic Rep. of)",2014,5,0
"Iran (Islamic Rep. of)",2015,5,0
"Iran (Islamic Rep. of)",2016,0,0
"Iran (Islamic Rep. of)",2017,0,0
"Iran (Islamic Rep. of)",2018,0,0
"Iraq",2006,0,0
"Iraq",2008,0,0
"Iraq",2009,5,0
"Iraq",2010,48,0
"Iraq",2011,25,0
"Iraq",2012,63,0
"Iraq",2013,90,0
"Iraq",2014,174,0
"Iraq",2015,5,425
"Iraq",2016,95,0
"Iraq",2017,10,0
"Iraq",2018,32,0
"Iraq",2019,10,0
"Iraq",2020,5,0
"Ireland",2006,623,0
"Ireland",2007,543,0
"Ireland",2008,565,0
"Ireland",2009,350,0
"Ireland",2010,134,0
"Ireland",2011,97,5
"Ireland",2012,93,21
"Ireland",2013,150,20
"Ireland",2014,471,0
"Ireland",2015,480,0
"Ireland",2016,726,0
"Ireland",2017,671,113
"Ireland",2018,913,199
"Ireland",2019,1121,179
"Ireland",2020,761,76
"Israel",2006,0,338
"Israel",2007,0,0
"Israel",2008,0,8418
"Israel",2009,0,0
"Israel",2010,10,0
"Israel",2011,107,14
"Israel",2012,24,0
"Israel",2013,5,0
"Israel",2014,227,0
"Israel",2015,165,0
"Israel",2016,206,0
"Israel",2017,235,0
"Israel",2018,5,501
"Israel",2019,5,124
"Israel",2020,10,58
"Italy",2006,1026,5308
"Italy",2007,1506,10291
"Italy",2008,1780,8222
"Italy",2009,2222,7336
"Italy",2010,1607,1450
"Italy",2011,1785,2516
"Italy",2012,1913,6619
"Italy",2013,3059,11286
"Italy",2014,3618,16921
"Italy",2015,3554,26012
"Italy",2016,4786,30593
"Italy",2017,5887,25900
"Italy",2018,6477,24142
"Italy",2019,10091,8231
"Italy",2020,4587,6996
"Jamaica",2016,0,0
"Japan",2006,33,50
"Japan",2007,41,84
"Japan",2008,59,362
"Japan",2009,35,505
"Japan",2010,47,361
"Japan",2011,22,241
"Japan",2012,21,103
"Japan",2013,5,150
"Japan",2014,10,97
"Japan",2015,20,70
"Japan",2016,24,97
"Japan",2017,10,30
"Japan",2018,43,40
"Japan",2019,38,38
"Japan",2020,47,44
"Jordan",2006,182,0
"Jordan",2007,60,0
"Jordan",2008,138,49
"Jordan",2009,364,0
"Jordan",2010,680,15
"Jordan",2011,371,0
"Jordan",2012,948,0
"Jordan",2013,3252,0
"Jordan",2014,13747,0
"Jordan",2015,13316,0
"Jordan",2016,1360,0
"Jordan",2017,2239,0
"Jordan",2018,1605,0
"Jordan",2019,773,0
"Jordan",2020,903,0
"Kazakhstan",2006,199,0
"Kazakhstan",2007,175,0
"Kazakhstan",2008,129,0
"Kazakhstan",2009,264,0
"Kazakhstan",2010,66,0
"Kazakhstan",2011,27,0
"Kazakhstan",2012,14,0
"Kazakhstan",2013,73,5
"Kazakhstan",2014,72,0
"Kazakhstan",2015,132,0
"Kazakhstan",2016,72,0
"Kazakhstan",2017,62,0
"Kazakhstan",2018,28,0
"Kazakhstan",2019,10,0
"Kazakhstan",2020,5,0
"Kenya",2006,22935,0
"Kenya",2007,3088,0
"Kenya",2008,2923,0
"Kenya",2009,3658,0
"Kenya",2010,7644,0
"Kenya",2011,5164,0
"Kenya",2012,4274,37
"Kenya",2013,6088,0
"Kenya",2014,4900,0
"Kenya",2015,4320,1489
"Kenya",2016,5171,524
"Kenya",2017,2362,0
"Kenya",2018,5,16576
"Kenya",2019,6305,0
"Kenya",2020,3135,0
"Kuwait",2006,13,0
"Kuwait",2007,122,0
"Kuwait",2008,104,0
"Kuwait",2009,5,0
"Kuwait",2010,15,0
"Kuwait",2011,5,0
"Kuwait",2012,106,0
"Kuwait",2013,144,0
"Kuwait",2014,74,0
"Kuwait",2015,339,0
"Kuwait",2016,275,0
"Kuwait",2017,15,0
"Kuwait",2018,52,0
"Kuwait",2019,36,0
"Kuwait",2020,40,0
"Kyrgyzstan",2006,144,0
"Kyrgyzstan",2007,170,0
"Kyrgyzstan",2008,207,0
"Kyrgyzstan",2009,171,0
"Kyrgyzstan",2010,277,0
"Kyrgyzstan",2011,145,0
"Kyrgyzstan",2012,18,0
"Kyrgyzstan",2013,67,0
"Kyrgyzstan",2014,50,5
"Kyrgyzstan",2015,40,0
"Kyrgyzstan",2016,36,0
"Kyrgyzstan",2017,15,0
"Kyrgyzstan",2018,36,0
"Kyrgyzstan",2019,28,0
"Kyrgyzstan",2020,10,0
"Lao People's Dem. Rep.",2019,10,0
"Latvia",2006,0,5
"Latvia",2007,5,0
"Latvia",2008,0,0
"Latvia",2009,5,0
"Latvia",2010,5,16
"Latvia",2011,5,10
"Latvia",2012,5,18
"Latvia",2013,15,21
"Latvia",2014,0,19
"Latvia",2015,5,18
"Latvia",2016,48,93
"Latvia",2017,30,229
"Latvia",2018,22,20
"Latvia",2019,23,0
"Latvia",2020,10,16
"Lebanon",2006,120,63
"Lebanon",2007,101,2293
"Lebanon",2008,66,5
"Lebanon",2009,83,0
"Lebanon",2010,143,10
"Lebanon",2011,529,0
"Lebanon",2012,488,16
"Lebanon",2013,1702,0
"Lebanon",2014,8732,0
"Lebanon",2015,11018,0
"Lebanon",2016,307,0
"Lebanon",2017,278,0
"Lebanon",2018,510,0
"Lebanon",2019,153,0
"Lebanon",2020,132,0
"Lesotho",2011,5,0
"Lesotho",2012,5,0
"Lesotho",2016,15,0
"Lesotho",2017,10,0
"Lesotho",2018,14,0
"Lesotho",2019,73,5
"Lesotho",2020,68,0
"Liberia",2006,0,0
"Liberia",2007,0,0
"Liberia",2008,37,0
"Liberia",2009,43,0
"Liberia",2010,170,10
"Liberia",2011,10,0
"Liberia",2012,23,0
"Liberia",2013,10,0
"Liberia",2014,19,0
"Liberia",2015,0,0
"Liberia",2016,0,5
"Liberia",2018,5,0
"Liberia",2019,10,0
"Liberia",2020,25,0
"Libya",2006,53,0
"Libya",2007,1383,0
"Libya",2008,2397,344
"Libya",2009,1706,0
"Libya",2010,790,0
"Libya",2011,0,0
"Libya",2012,431,0
"Libya",2013,1715,0
"Libya",2014,623,0
"Libya",2015,5,0
"Libya",2016,25,0
"Libya",2017,164,0
"Libya",2018,952,0
"Libya",2019,1069,0
"Libya",2020,820,0
"Liechtenstein",2006,0,36
"Liechtenstein",2007,0,5
"Liechtenstein",2008,0,0
"Liechtenstein",2009,0,0
"Liechtenstein",2010,0,0
"Liechtenstein",2011,0,10
"Liechtenstein",2012,20,0
"Liechtenstein",2013,0,5
"Liechtenstein",2014,5,0
"Liechtenstein",2015,0,5
"Liechtenstein",2016,16,5
"Liechtenstein",2017,15,5
"Liechtenstein",2018,0,0
"Liechtenstein",2019,0,5
"Liechtenstein",2020,11,0
"Lithuania",2006,15,76
"Lithuania",2007,10,47
"Lithuania",2008,5,50
"Lithuania",2009,5,30
"Lithuania",2010,0,15
"Lithuania",2011,5,10
"Lithuania",2012,10,31
"Lithuania",2013,0,35
"Lithuania",2014,21,64
"Lithuania",2015,15,64
"Lithuania",2016,178,10
"Lithuania",2017,276,10
"Lithuania",2018,137,10
"Lithuania",2019,80,10
"Lithuania",2020,73,0
"Luxembourg",2006,27,351
"Luxembourg",2007,140,391
"Luxembourg",2008,67,336
"Luxembourg",2009,97,5
"Luxembourg",2010,64,10
"Luxembourg",2011,25,0
"Luxembourg",2012,42,5
"Luxembourg",2013,138,25
"Luxembourg",2014,143,35
"Luxembourg",2015,233,33
"Luxembourg",2016,748,30
"Luxembourg",2017,1060,35
"Luxembourg",2018,580,45
"Luxembourg",2019,620,25
"Luxembourg",2020,753,107
"Madagascar",2013,5,0
"Madagascar",2016,20,0
"Madagascar",2017,17,0
"Madagascar",2019,65,0
"Madagascar",2020,10,0
"Malawi",2006,208,0
"Malawi",2007,162,0
"Malawi",2008,1244,0
"Malawi",2009,534,0
"Malawi",2010,522,0
"Malawi",2011,587,0
"Malawi",2012,159,0
"Malawi",2013,10,0
"Malawi",2014,85,0
"Malawi",2015,3352,0
"Malawi",2016,871,0
"Malawi",2017,15,67
"Malawi",2018,4796,0
"Malawi",2019,398,0
"Malawi",2020,362,0
"Malaysia",2006,9312,0
"Malaysia",2007,14144,0
"Malaysia",2008,11357,0
"Malaysia",2009,35527,158
"Malaysia",2010,22047,0
"Malaysia",2011,11734,0
"Malaysia",2012,13061,0
"Malaysia",2013,14483,0
"Malaysia",2014,12374,0
"Malaysia",2015,8496,0
"Malaysia",2016,19899,0
"Malaysia",2017,18707,0
"Malaysia",2018,21110,0
"Malaysia",2019,16441,0
"Malaysia",2020,4097,0
"Mali",2006,48,0
"Mali",2007,57,0
"Mali",2008,15,0
"Mali",2009,0,0
"Mali",2010,25,0
"Mali",2011,42,0
"Mali",2012,23,0
"Mali",2013,60,0
"Mali",2014,901,0
"Mali",2015,472,0
"Mali",2016,110,0
"Mali",2017,446,0
"Mali",2018,9481,0
"Mali",2019,162,0
"Mali",2020,77,0
"Malta",2006,30,517
"Malta",2007,5,619
"Malta",2008,20,1392
"Malta",2009,20,1673
"Malta",2010,39,163
"Malta",2011,59,800
"Malta",2012,1263,160
"Malta",2013,1721,248
"Malta",2014,230,1238
"Malta",2015,316,1240
"Malta",2016,180,1120
"Malta",2017,148,633
"Malta",2018,117,509
"Malta",2019,30,290
"Malta",2020,57,173
"Mauritania",2006,115,0
"Mauritania",2007,206,0
"Mauritania",2008,67,0
"Mauritania",2009,64,0
"Mauritania",2010,29,0
"Mauritania",2011,43,0
"Mauritania",2012,10,5
"Mauritania",2013,23,0
"Mauritania",2014,362,0
"Mauritania",2015,487,0
"Mauritania",2016,326,0
"Mauritania",2017,187,0
"Mauritania",2018,144,0
"Mauritania",2019,928,0
"Mauritania",2020,1343,0
"Mauritius",2017,5,0
"Mauritius",2018,11,0
"Mauritius",2019,10,0
"Mauritius",2020,0,0
"Mexico",2006,72,0
"Mexico",2007,73,0
"Mexico",2008,91,0
"Mexico",2009,108,0
"Mexico",2010,216,0
"Mexico",2011,244,20
"Mexico",2012,228,27
"Mexico",2013,245,27
"Mexico",2015,914,149
"Mexico",2016,3276,0
"Mexico",2017,2819,0
"Mexico",2018,4439,1458
"Mexico",2019,10825,1245
"Mexico",2020,15878,1093
"Micronesia (Federated States of)",2015,5,0
"Micronesia (Federated States of)",2016,0,0
"Mongolia",2006,5,0
"Mongolia",2007,0,0
"Mongolia",2008,5,0
"Mongolia",2009,0,0
"Mongolia",2012,5,0
"Mongolia",2013,5,0
"Mongolia",2014,5,0
"Mongolia",2015,5,0
"Mongolia",2016,5,0
"Mongolia",2017,5,0
"Mongolia",2019,21,0
"Montenegro",2006,0,0
"Montenegro",2007,0,0
"Montenegro",2009,0,0
"Montenegro",2010,0,0
"Montenegro",2011,0,0
"Montenegro",2012,0,0
"Montenegro",2013,0,0
"Montenegro",2014,0,0
"Montenegro",2015,14,0
"Montenegro",2016,10,10
"Montenegro",2017,0,0
"Montenegro",2018,5,5
"Montenegro",2019,5,0
"Montenegro",2020,10,0
"Montserrat",2011,0,0
"Montserrat",2013,0,0
"Morocco",2006,296,0
"Morocco",2007,283,0
"Morocco",2008,108,0
"Morocco",2009,137,0
"Morocco",2010,139,0
"Morocco",2011,45,0
"Morocco",2012,98,20
"Morocco",2013,192,0
"Morocco",2014,70,0
"Morocco",2015,295,0
"Morocco",2016,264,0
"Morocco",2017,274,0
"Morocco",2018,401,0
"Morocco",2019,376,0
"Morocco",2020,220,0
"Mozambique",2006,649,0
"Mozambique",2007,128,0
"Mozambique",2008,453,0
"Mozambique",2009,506,0
"Mozambique",2010,661,0
"Mozambique",2011,124,0
"Mozambique",2012,581,0
"Mozambique",2013,58,0
"Mozambique",2014,5,0
"Mozambique",2015,0,0
"Mozambique",2016,0,0
"Mozambique",2017,0,0
"Mozambique",2018,0,0
"Mozambique",2019,0,0
"Namibia",2006,144,0
"Namibia",2007,0,10
"Namibia",2008,31,0
"Namibia",2009,141,0
"Namibia",2010,135,0
"Namibia",2011,116,0
"Namibia",2012,0,0
"Namibia",2013,168,0
"Namibia",2014,415,0
"Namibia",2015,179,0
"Namibia",2017,208,0
"Namibia",2018,364,0
"Namibia",2019,767,0
"Namibia",2020,179,0
"Nauru",2012,0,0
"Nauru",2013,0,0
"Nauru",2014,387,0
"Nauru",2015,388,0
"Nauru",2019,21,0
"Nauru",2020,324,0
"Nepal",2006,182,40
"Nepal",2007,20,0
"Nepal",2008,42,684
"Nepal",2009,15,17
"Nepal",2010,40,5
"Nepal",2011,26,0
"Nepal",2012,56,1184
"Nepal",2013,76,0
"Nepal",2014,202,0
"Nepal",2015,201,0
"Nepal",2016,67,0
"Nepal",2017,51,0
"Nepal",2018,153,0
"Nepal",2019,38,0
"Nepal",2020,20,0
"Netherlands",2006,347,5992
"Netherlands",2007,670,5007
"Netherlands",2008,501,5144
"Netherlands",2009,682,7192
"Netherlands",2010,868,7771
"Netherlands",2011,813,7500
"Netherlands",2012,666,5181
"Netherlands",2013,1653,8908
"Netherlands",2014,2722,10485
"Netherlands",2015,15525,418
"Netherlands",2016,19565,0
"Netherlands",2017,7226,606
"Netherlands",2018,3284,370
"Netherlands",2019,4257,557
"Netherlands",2020,7892,809
"New Zealand",2006,126,0
"New Zealand",2007,100,0
"New Zealand",2008,116,0
"New Zealand",2009,84,0
"New Zealand",2010,102,0
"New Zealand",2011,106,0
"New Zealand",2012,145,0
"New Zealand",2013,116,0
"New Zealand",2014,153,0
"New Zealand",2015,183,0
"New Zealand",2016,153,0
"New Zealand",2017,150,0
"New Zealand",2018,212,0
"New Zealand",2019,272,0
"New Zealand",2020,0,145
"Nicaragua",2006,5,0
"Nicaragua",2007,5,0
"Nicaragua",2008,0,0
"Nicaragua",2009,68,0
"Nicaragua",2010,39,0
"Nicaragua",2011,10,0
"Nicaragua",2012,18,0
"Nicaragua",2013,74,0
"Nicaragua",2014,88,0
"Nicaragua",2015,61,0
"Nicaragua",2017,0,0
"Niger",2006,5,0
"Niger",2007,5,0
"Niger",2008,5,0
"Niger",2009,0,0
"Niger",2010,0,0
"Niger",2011,5,0
"Niger",2013,33,0
"Niger",2014,0,0
"Niger",2015,18,0
"Niger",2016,47,0
"Niger",2017,0,0
"Niger",2018,1581,0
"Niger",2019,1642,0
"Niger",2020,1165,0
"Nigeria",2006,0,0
"Nigeria",2007,19,0
"Nigeria",2008,23,55
"Nigeria",2009,0,0
"Nigeria",2010,65,0
"Nigeria",2011,36,0
"Nigeria",2012,218,0
"Nigeria",2013,222,0
"Nigeria",2014,140,0
"Nigeria",2015,155,0
"Nigeria",2016,104,0
"Nigeria",2017,296,211
"Nigeria",2018,220,0
"Nigeria",2019,19374,0
"Nigeria",2020,443,0
"North Macedonia",2006,0,131
"North Macedonia",2007,0,5
"North Macedonia",2008,0,46
"North Macedonia",2009,0,0
"North Macedonia",2010,0,0
"North Macedonia",2011,0,0
"North Macedonia",2012,0,0
"North Macedonia",2013,0,0
"North Macedonia",2014,11,0
"North Macedonia",2015,0,0
"North Macedonia",2016,0,5
"North Macedonia",2017,0,0
"North Macedonia",2018,0,5
"North Macedonia",2019,0,0
"North Macedonia",2020,0,5
"Norway",2006,499,1674
"Norway",2007,1050,3409
"Norway",2008,1141,2572
"Norway",2009,1784,3118
"Norway",2010,3184,2515
"Norway",2011,3087,1637
"Norway",2012,3944,1471
"Norway",2013,4844,1922
"Norway",2014,3801,1241
"Norway",2015,5594,773
"Norway",2016,11665,448
"Norway",2017,3956,214
"Norway",2018,1441,69
"Norway",2019,1717,57
"Norway",2020,1071,57
"Oman",2008,5,0
"Oman",2009,19,0
"Oman",2010,52,0
"Oman",2011,5,0
"Oman",2012,54,0
"Oman",2013,5,0
"Oman",2014,10,0
"Oman",2015,133,0
"Oman",2016,85,0
"Oman",2018,0,0
"Pakistan",2006,310,0
"Pakistan",2007,659,0
"Pakistan",2008,572,0
"Pakistan",2009,488,0
"Pakistan",2010,334,0
"Pakistan",2011,433,0
"Pakistan",2012,1676,0
"Pakistan",2013,2183,0
"Pakistan",2014,2109,0
"Pakistan",2015,2493,0
"Pakistan",2016,1271,0
"Pakistan",2017,149,0
"Pakistan",2018,16,0
"Pakistan",2019,50,0
"Pakistan",2020,5,0
"Palau",2009,11,0
"Palau",2017,5,0
"Panama",2006,138,0
"Panama",2007,48,0
"Panama",2008,35,0
"Panama",2009,40,0
"Panama",2010,99,0
"Panama",2011,145,0
"Panama",2012,138,0
"Panama",2013,227,0
"Panama",2014,62,0
"Panama",2015,42,0
"Panama",2016,28,0
"Panama",2017,86,0
"Panama",2018,84,0
"Panama",2019,47,0
"Panama",2020,34,0
"Papua New Guinea",2008,5,0
"Papua New Guinea",2009,5,0
"Papua New Guinea",2010,0,0
"Papua New Guinea",2011,0,0
"Papua New Guinea",2012,5,0
"Papua New Guinea",2013,0,0
"Papua New Guinea",2014,130,0
"Papua New Guinea",2015,307,0
"Papua New Guinea",2016,63,0
"Papua New Guinea",2018,5,0
"Papua New Guinea",2019,10,0
"Papua New Guinea",2020,0,0
"Paraguay",2006,14,0
"Paraguay",2007,10,0
"Paraguay",2008,10,0
"Paraguay",2009,15,0
"Paraguay",2010,5,0
"Paraguay",2011,5,0
"Paraguay",2012,5,0
"Paraguay",2014,15,0
"Paraguay",2015,27,0
"Paraguay",2016,32,0
"Paraguay",2017,5,0
"Paraguay",2018,49,0
"Paraguay",2019,750,0
"Paraguay",2020,672,0
"Peru",2006,73,0
"Peru",2007,102,0
"Peru",2008,91,0
"Peru",2009,71,0
"Peru",2010,32,5
"Peru",2011,25,0
"Peru",2012,139,0
"Peru",2013,64,0
"Peru",2014,150,0
"Peru",2015,196,0
"Peru",2016,164,0
"Peru",2017,166,0
"Peru",2018,556,0
"Peru",2019,687,0
"Peru",2020,1421,0
"Philippines",2006,5,0
"Philippines",2007,10,0
"Philippines",2009,0,0
"Philippines",2011,5,0
"Philippines",2012,22,0
"Philippines",2013,15,0
"Philippines",2014,50,0
"Philippines",2015,47,0
"Philippines",2016,79,0
"Philippines",2017,101,5
"Philippines",2018,124,0
"Philippines",2019,92,0
"Philippines",2020,44,0
"Poland",2006,475,2101
"Poland",2007,207,2904
"Poland",2008,181,2576
"Poland",2009,127,2450
"Poland",2010,71,223
"Poland",2011,149,403
"Poland",2012,116,199
"Poland",2013,187,544
"Poland",2014,265,176
"Poland",2015,339,158
"Poland",2016,111,148
"Poland",2017,135,358
"Poland",2018,171,229
"Poland",2019,137,135
"Poland",2020,169,233
"Portugal",2006,20,0
"Portugal",2007,0,28
"Portugal",2008,15,61
"Portugal",2009,5,34
"Portugal",2010,5,52
"Portugal",2011,21,30
"Portugal",2012,5,81
"Portugal",2013,0,92
"Portugal",2014,20,78
"Portugal",2015,26,153
"Portugal",2016,91,246
"Portugal",2017,110,370
"Portugal",2018,170,395
"Portugal",2019,180,100
"Portugal",2020,78,10
"Qatar",2008,5,0
"Qatar",2009,16,0
"Qatar",2010,21,0
"Qatar",2011,26,5
"Qatar",2012,0,0
"Qatar",2013,39,0
"Qatar",2014,5,0
"Qatar",2016,62,0
"Qatar",2017,15,0
"Qatar",2018,0,0
"Qatar",2019,15,0
"Rep. of Korea",2006,10,15
"Rep. of Korea",2007,10,10
"Rep. of Korea",2008,28,21
"Rep. of Korea",2009,68,15
"Rep. of Korea",2010,38,40
"Rep. of Korea",2011,42,15
"Rep. of Korea",2012,73,20
"Rep. of Korea",2013,44,5
"Rep. of Korea",2014,68,527
"Rep. of Korea",2015,36,197
"Rep. of Korea",2016,47,244
"Rep. of Korea",2017,115,314
"Rep. of Korea",2018,110,509
"Rep. of Korea",2019,30,222
"Rep. of Korea",2020,52,152
"Rep. of Moldova",2006,10,66
"Rep. of Moldova",2007,0,20
"Rep. of Moldova",2008,5,15
"Rep. of Moldova",2009,0,25
"Rep. of Moldova",2010,0,39
"Rep. of Moldova",2011,0,15
"Rep. of Moldova",2012,12,43
"Rep. of Moldova",2013,15,83
"Rep. of Moldova",2014,47,62
"Rep. of Moldova",2015,25,143
"Rep. of Moldova",2016,10,28
"Rep. of Moldova",2017,0,10
"Rep. of Moldova",2018,10,15
"Rep. of Moldova",2019,14,15
"Rep. of Moldova",2020,40,10
"Romania",2006,46,0
"Romania",2007,127,15
"Romania",2008,109,0
"Romania",2009,66,18
"Romania",2010,85,32
"Romania",2011,61,27
"Romania",2012,154,115
"Romania",2013,404,537
"Romania",2014,372,361
"Romania",2015,235,276
"Romania",2016,589,203
"Romania",2017,861,447
"Romania",2018,306,337
"Romania",2019,332,281
"Romania",2020,305,466
"Russian Federation",2006,35,0
"Russian Federation",2007,140,391
"Russian Federation",2008,347,791
"Russian Federation",2009,190,2248
"Russian Federation",2010,118,1029
"Russian Federation",2011,743,0
"Russian Federation",2012,742,0
"Russian Federation",2013,36,1638
"Russian Federation",2014,251,250045
"Russian Federation",2015,104,149541
"Russian Federation",2016,33,21986
"Russian Federation",2017,29,10381
"Russian Federation",2018,26,5988
"Russian Federation",2019,5960,0
"Russian Federation",2020,5577,0
"Rwanda",2006,158,0
"Rwanda",2007,226,3056
"Rwanda",2008,21,0
"Rwanda",2009,0,39
"Rwanda",2012,15108,0
"Rwanda",2013,14264,5
"Rwanda",2014,31,0
"Rwanda",2015,49,0
"Rwanda",2017,10,0
"Rwanda",2018,35,0
"Rwanda",2019,188,0
"Rwanda",2020,70,0
"Saint Kitts and Nevis",2016,0,0
"Saint Kitts and Nevis",2018,5,0
"Samoa",2016,5,0
"Saudi Arabia",2006,15,0
"Saudi Arabia",2007,0,0
"Saudi Arabia",2008,55,10
"Saudi Arabia",2009,10,0
"Saudi Arabia",2010,10,0
"Saudi Arabia",2011,17,0
"Saudi Arabia",2013,25,0
"Saudi Arabia",2014,10,0
"Saudi Arabia",2015,5,0
"Saudi Arabia",2016,15,0
"Saudi Arabia",2017,15,0
"Saudi Arabia",2018,113,0
"Saudi Arabia",2019,122,0
"Saudi Arabia",2020,32,0
"Senegal",2006,10,0
"Senegal",2007,10,0
"Senegal",2008,0,0
"Senegal",2009,15,0
"Senegal",2010,0,0
"Senegal",2011,0,0
"Senegal",2012,0,0
"Senegal",2013,5,0
"Senegal",2014,27,0
"Senegal",2015,135,0
"Senegal",2016,36,177
"Senegal",2017,87,0
"Senegal",2018,76,0
"Senegal",2019,83,0
"Senegal",2020,0,0
"Serbia and Kosovo: S/RES/1244 (1999)",2006,0,0
"Serbia and Kosovo: S/RES/1244 (1999)",2007,10,0
"Serbia and Kosovo: S/RES/1244 (1999)",2008,0,11
"Serbia and Kosovo: S/RES/1244 (1999)",2009,0,0
"Serbia and Kosovo: S/RES/1244 (1999)",2010,0,0
"Serbia and Kosovo: S/RES/1244 (1999)",2011,0,0
"Serbia and Kosovo: S/RES/1244 (1999)",2012,0,0
"Serbia and Kosovo: S/RES/1244 (1999)",2013,0,10
"Serbia and Kosovo: S/RES/1244 (1999)",2014,0,5
"Serbia and Kosovo: S/RES/1244 (1999)",2015,15,15
"Serbia and Kosovo: S/RES/1244 (1999)",2016,15,25
"Serbia and Kosovo: S/RES/1244 (1999)",2017,0,10
"Serbia and Kosovo: S/RES/1244 (1999)",2018,71,10
"Serbia and Kosovo: S/RES/1244 (1999)",2019,53,15
"Serbia and Kosovo: S/RES/1244 (1999)",2020,32,5
"Sierra Leone",2006,67,0
"Sierra Leone",2007,0,5
"Sierra Leone",2008,0,0
"Sierra Leone",2009,0,0
"Sierra Leone",2010,0,0
"Sierra Leone",2011,0,22
"Sierra Leone",2012,0,0
"Sierra Leone",2013,0,0
"Sierra Leone",2014,5,0
"Sierra Leone",2016,0,0
"Sierra Leone",2017,0,0
"Singapore",2007,15,0
"Singapore",2008,15,0
"Sint Maarten (Dutch part)",2012,0,0
"Sint Maarten (Dutch part)",2013,0,0
"Sint Maarten (Dutch part)",2016,0,0
"Sint Maarten (Dutch part)",2020,5,0
"Slovakia",2006,5,0
"Slovakia",2007,10,73
"Slovakia",2008,20,58
"Slovakia",2009,10,88
"Slovakia",2010,10,52
"Slovakia",2011,5,95
"Slovakia",2012,25,101
"Slovakia",2013,10,32
"Slovakia",2014,10,101
"Slovakia",2015,5,42
"Slovakia",2016,162,10
"Slovakia",2017,25,15
"Slovakia",2018,5,30
"Slovakia",2019,5,15
"Slovakia",2020,0,35
"Slovenia",2006,0,5
"Slovenia",2007,0,5
"Slovenia",2008,0,0
"Slovenia",2009,16,5
"Slovenia",2010,20,0
"Slovenia",2011,15,5
"Slovenia",2012,15,10
"Slovenia",2013,20,5
"Slovenia",2014,28,10
"Slovenia",2015,24,10
"Slovenia",2016,136,32
"Slovenia",2017,141,10
"Slovenia",2018,94,0
"Slovenia",2019,74,0
"Slovenia",2020,75,0
"Solomon Islands",2014,5,0
"Solomon Islands",2019,0,0
"Somalia",2006,117,0
"Somalia",2007,202,0
"Somalia",2008,715,0
"Somalia",2009,101,0
"Somalia",2010,163,0
"Somalia",2011,126,0
"Somalia",2012,124,0
"Somalia",2013,55,0
"Somalia",2014,208,0
"Somalia",2015,173,0
"Somalia",2016,276,0
"Somalia",2017,872,0
"Somalia",2018,459,0
"Somalia",2019,253,0
"Somalia",2020,156,0
"South Africa",2006,5462,0
"South Africa",2007,1730,0
"South Africa",2008,7049,0
"South Africa",2009,4565,0
"South Africa",2010,10080,0
"South Africa",2011,6802,0
"South Africa",2012,7930,0
"South Africa",2013,7383,0
"South Africa",2014,9287,0
"South Africa",2015,2606,0
"South Africa",2016,3216,0
"South Africa",2017,2276,0
"South Africa",2018,650,0
"South Africa",2019,1894,0
"South Africa",2020,12298,0
"South Sudan",2011,10,0
"South Sudan",2012,0,0
"South Sudan",2013,5,0
"South Sudan",2014,0,0
"South Sudan",2015,29,0
"South Sudan",2016,23,0
"South Sudan",2017,85,0
"South Sudan",2018,0,61
"South Sudan",2019,187,0
"South Sudan",2020,117,0
"Spain",2006,147,166
"Spain",2007,226,5
"Spain",2008,149,128
"Spain",2009,159,158
"Spain",2010,223,360
"Spain",2011,329,635
"Spain",2012,225,295
"Spain",2013,193,325
"Spain",2014,373,1199
"Spain",2015,212,795
"Spain",2016,362,6494
"Spain",2017,616,4185
"Spain",2018,605,2554
"Spain",2019,1644,36796
"Spain",2020,4376,42118
"Sri Lanka",2006,76,0
"Sri Lanka",2007,47,0
"Sri Lanka",2008,127,0
"Sri Lanka",2009,59,0
"Sri Lanka",2010,54,0
"Sri Lanka",2011,22,0
"Sri Lanka",2012,93,0
"Sri Lanka",2013,59,0
"Sri Lanka",2014,495,0
"Sri Lanka",2015,548,0
"Sri Lanka",2016,259,0
"Sri Lanka",2017,349,0
"Sri Lanka",2018,281,0
"Sri Lanka",2019,584,0
"Sri Lanka",2020,172,0
"Sudan",2006,9790,0
"Sudan",2007,11384,18
"Sudan",2008,5888,6725
"Sudan",2009,10581,0
"Sudan",2010,11536,0
"Sudan",2011,9152,0
"Sudan",2012,14035,0
"Sudan",2013,7606,0
"Sudan",2014,4254,0
"Sudan",2015,4548,25
"Sudan",2016,4789,70
"Sudan",2017,4522,0
"Sudan",2018,3756,0
"Sudan",2019,1844,0
"Sudan",2020,3909,0
"Suriname",2017,29,0
"Suriname",2018,10,0
"Suriname",2019,5,0
"Suriname",2020,15,0
"Sweden",2006,610,6471
"Sweden",2007,1075,15320
"Sweden",2008,1902,7052
"Sweden",2009,1810,7468
"Sweden",2010,2269,7973
"Sweden",2011,2855,7917
"Sweden",2012,4587,9062
"Sweden",2013,7614,19134
"Sweden",2014,10636,21634
"Sweden",2015,12923,20220
"Sweden",2016,17116,50940
"Sweden",2017,14155,13033
"Sweden",2018,6808,4472
"Sweden",2019,4197,2556
"Sweden",2020,3301,1580
"Switzerland",2006,3253,5189
"Switzerland",2007,1552,2733
"Switzerland",2008,2253,4309
"Switzerland",2009,2604,4035
"Switzerland",2010,3429,4752
"Switzerland",2011,3694,3060
"Switzerland",2012,2484,1563
"Switzerland",2013,3143,3982
"Switzerland",2014,6182,7911
"Switzerland",2015,6354,7085
"Switzerland",2016,5974,6840
"Switzerland",2017,6338,7823
"Switzerland",2018,6328,8562
"Switzerland",2019,5532,5002
"Switzerland",2020,5418,4638
"Syrian Arab Rep.",2006,1376,0
"Syrian Arab Rep.",2007,1344,0
"Syrian Arab Rep.",2008,1482,0
"Syrian Arab Rep.",2009,1184,0
"Syrian Arab Rep.",2010,1153,153
"Syrian Arab Rep.",2011,1053,0
"Syrian Arab Rep.",2012,411,15
"Syrian Arab Rep.",2013,484,0
"Syrian Arab Rep.",2014,772,0
"Syrian Arab Rep.",2015,1234,0
"Syrian Arab Rep.",2016,759,0
"Syrian Arab Rep.",2017,655,0
"Syrian Arab Rep.",2018,274,0
"Syrian Arab Rep.",2019,109,0
"Syrian Arab Rep.",2020,15,0
"Tajikistan",2006,46,0
"Tajikistan",2007,325,0
"Tajikistan",2008,828,0
"Tajikistan",2009,910,0
"Tajikistan",2010,519,0
"Tajikistan",2011,291,0
"Tajikistan",2012,473,0
"Tajikistan",2013,289,0
"Tajikistan",2014,417,0
"Tajikistan",2015,270,0
"Tajikistan",2016,88,0
"Tajikistan",2017,56,0
"Tajikistan",2018,580,0
"Tajikistan",2019,1925,0
"Tajikistan",2020,1950,0
"Thailand",2006,537,15762
"Thailand",2007,506,2657
"Thailand",2008,1264,0
"Thailand",2009,7250,0
"Thailand",2010,319,0
"Thailand",2011,513,0
"Thailand",2012,486,0
"Thailand",2013,1433,0
"Thailand",2014,1606,0
"Thailand",2015,1122,0
"Thailand",2016,3023,0
"Thailand",2017,1860,0
"Thailand",2018,642,0
"Thailand",2019,364,0
"Thailand",2020,382,0
"Timor-Leste",2006,0,0
"Timor-Leste",2009,0,0
"Timor-Leste",2010,0,0
"Togo",2006,60,0
"Togo",2007,0,0
"Togo",2008,25,0
"Togo",2009,15,0
"Togo",2010,22,0
"Togo",2011,37,5022
"Togo",2012,171,5791
"Togo",2013,37,0
"Togo",2014,325,0
"Togo",2015,204,0
"Togo",2016,94,0
"Togo",2017,10,0
"Togo",2018,68,0
"Togo",2019,51,0
"Togo",2020,51,0
"Trinidad and Tobago",2007,0,0
"Trinidad and Tobago",2008,5,0
"Trinidad and Tobago",2009,5,0
"Trinidad and Tobago",2010,0,5
"Trinidad and Tobago",2011,5,0
"Trinidad and Tobago",2012,5,0
"Trinidad and Tobago",2014,78,0
"Trinidad and Tobago",2015,66,0
"Trinidad and Tobago",2016,19,0
"Trinidad and Tobago",2017,192,0
"Trinidad and Tobago",2018,540,0
"Trinidad and Tobago",2019,1609,0
"Trinidad and Tobago",2020,870,0
"Tunisia",2006,10,0
"Tunisia",2007,20,0
"Tunisia",2008,0,0
"Tunisia",2009,5,0
"Tunisia",2010,5,0
"Tunisia",2011,3576,0
"Tunisia",2012,340,0
"Tunisia",2013,37,0
"Tunisia",2014,97,0
"Tunisia",2015,30,0
"Tunisia",2016,15,0
"Tunisia",2017,5,0
"Tunisia",2018,25,0
"Tunisia",2019,183,0
"Tunisia",2020,305,0
"Turkey",2006,1888,0
"Turkey",2007,7056,0
"Turkey",2008,8642,0
"Turkey",2009,6063,0
"Turkey",2010,6476,0
"Turkey",2011,9307,0
"Turkey",2012,10874,0
"Turkey",2013,14167,0
"Turkey",2014,22437,0
"Turkey",2015,15143,0
"Turkey",2016,18410,0
"Turkey",2017,15432,0
"Turkey",2018,4934,0
"Turkey",2019,5445,0
"Turkey",2020,8753,0
"Turkmenistan",2006,5,0
"Turkmenistan",2008,0,0
"Turkmenistan",2011,0,0
"Turks and Caicos Islands",2013,5,0
"Turks and Caicos Islands",2015,0,0
"Turks and Caicos Islands",2020,10,0
"Uganda",2006,3642,0
"Uganda",2007,3079,0
"Uganda",2008,7601,0
"Uganda",2009,13115,0
"Uganda",2010,5651,0
"Uganda",2011,7567,0
"Uganda",2012,8556,0
"Uganda",2013,11109,0
"Uganda",2014,17360,0
"Uganda",2015,31983,0
"Uganda",2016,18752,0
"Uganda",2017,58810,0
"Uganda",2018,20011,0
"Uganda",2019,46154,0
"Uganda",2020,17301,0
"Ukraine",2006,52,0
"Ukraine",2007,32,0
"Ukraine",2008,185,0
"Ukraine",2009,293,0
"Ukraine",2010,231,42
"Ukraine",2011,224,10
"Ukraine",2012,98,121
"Ukraine",2013,222,129
"Ukraine",2014,220,207
"Ukraine",2015,281,116
"Ukraine",2016,76,42
"Ukraine",2017,76,65
"Ukraine",2018,36,75
"Ukraine",2019,47,60
"Ukraine",2020,39,108
"United Arab Emirates",2006,129,0
"United Arab Emirates",2007,93,0
"United Arab Emirates",2008,105,5
"United Arab Emirates",2009,168,0
"United Arab Emirates",2010,385,0
"United Arab Emirates",2011,195,5
"United Arab Emirates",2012,170,13
"United Arab Emirates",2013,245,0
"United Arab Emirates",2014,110,0
"United Arab Emirates",2015,358,0
"United Arab Emirates",2016,325,0
"United Arab Emirates",2017,123,0
"United Arab Emirates",2018,311,0
"United Arab Emirates",2019,165,0
"United Arab Emirates",2020,121,0
"United Kingdom of Great Britain and Northern Ireland",2006,6250,2403
"United Kingdom of Great Britain and Northern Ireland",2007,8217,2479
"United Kingdom of Great Britain and Northern Ireland",2008,7276,2292
"United Kingdom of Great Britain and Northern Ireland",2009,9724,2773
"United Kingdom of Great Britain and Northern Ireland",2010,9291,1992
"United Kingdom of Great Britain and Northern Ireland",2011,8240,1690
"United Kingdom of Great Britain and Northern Ireland",2012,8687,1259
"United Kingdom of Great Britain and Northern Ireland",2013,9561,1007
"United Kingdom of Great Britain and Northern Ireland",2014,10685,1017
"United Kingdom of Great Britain and Northern Ireland",2015,15314,1742
"United Kingdom of Great Britain and Northern Ireland",2016,13517,1511
"United Kingdom of Great Britain and Northern Ireland",2017,12424,1060
"United Kingdom of Great Britain and Northern Ireland",2018,11970,2412
"United Kingdom of Great Britain and Northern Ireland",2019,16516,2330
"United Kingdom of Great Britain and Northern Ireland",2020,9108,1474
"United Rep. of Tanzania",2006,958,0
"United Rep. of Tanzania",2007,1018,0
"United Rep. of Tanzania",2008,54,0
"United Rep. of Tanzania",2009,46,0
"United Rep. of Tanzania",2010,35,0
"United Rep. of Tanzania",2011,13,0
"United Rep. of Tanzania",2012,5,0
"United Rep. of Tanzania",2013,489,0
"United Rep. of Tanzania",2014,206,0
"United Rep. of Tanzania",2015,194,0
"United Rep. of Tanzania",2016,125,0
"United Rep. of Tanzania",2017,718,0
"United Rep. of Tanzania",2018,10,0
"United Rep. of Tanzania",2020,50,0
"United States of America",2006,23258,0
"United States of America",2007,17961,0
"United States of America",2008,16686,0
"United States of America",2009,19740,0
"United States of America",2010,18980,0
"United States of America",2011,23485,0
"United States of America",2012,25235,0
"United States of America",2013,21149,0
"United States of America",2014,21756,1691
"United States of America",2015,23363,601
"United States of America",2016,20428,0
"United States of America",2017,26732,0
"United States of America",2018,35189,0
"United States of America",2019,44614,0
"United States of America",2020,18177,0
"Uruguay",2007,20,0
"Uruguay",2008,0,0
"Uruguay",2009,15,0
"Uruguay",2010,0,0
"Uruguay",2011,0,0
"Uruguay",2012,5,0
"Uruguay",2013,5,0
"Uruguay",2014,10,0
"Uruguay",2015,26,0
"Uruguay",2016,15,0
"Uruguay",2017,20,0
"Uruguay",2018,52,0
"Uruguay",2019,112,0
"Uruguay",2020,163,0
"Uzbekistan",2006,0,0
"Vanuatu",2008,5,0
"Venezuela (Bolivarian Republic of)",2006,336,0
"Venezuela (Bolivarian Republic of)",2007,228,0
"Venezuela (Bolivarian Republic of)",2008,287,0
"Venezuela (Bolivarian Republic of)",2009,215,0
"Venezuela (Bolivarian Republic of)",2010,260,0
"Venezuela (Bolivarian Republic of)",2011,490,0
"Venezuela (Bolivarian Republic of)",2012,1182,0
"Venezuela (Bolivarian Republic of)",2013,725,0
"Venezuela (Bolivarian Republic of)",2014,724,0
"Venezuela (Bolivarian Republic of)",2015,1211,0
"Venezuela (Bolivarian Republic of)",2016,1305,0
"Venezuela (Bolivarian Republic of)",2017,15,0
"Venezuela (Bolivarian Republic of)",2018,615,0
"Venezuela (Bolivarian Republic of)",2019,248,0
"Venezuela (Bolivarian Republic of)",2020,343,0
"Viet Nam",2019,5,0
"Yemen",2006,738,0
"Yemen",2007,2690,0
"Yemen",2008,1390,0
"Yemen",2009,1559,0
"Yemen",2010,1083,83
"Yemen",2011,1192,0
"Yemen",2012,884,0
"Yemen",2013,396,0
"Yemen",2014,398,0
"Yemen",2015,145,0
"Yemen",2016,408,0
"Yemen",2017,497,0
"Yemen",2018,255,0
"Yemen",2019,32,0
"Yemen",2020,10,0
"Zambia",2006,15,0
"Zambia",2007,47,5
"Zambia",2008,10,68
"Zambia",2009,124,0
"Zambia",2010,522,0
"Zambia",2011,201,0
"Zambia",2012,331,0
"Zambia",2013,759,0
"Zambia",2014,800,0
"Zambia",2015,2042,0
"Zambia",2016,2125,0
"Zambia",2017,15580,0
"Zambia",2018,12383,0
"Zambia",2019,5742,0
"Zambia",2020,5411,0
"Zimbabwe",2006,571,0
"Zimbabwe",2007,770,0
"Zimbabwe",2008,221,0
"Zimbabwe",2009,524,0
"Zimbabwe",2010,545,0
"Zimbabwe",2011,0,156
"Zimbabwe",2012,205,0
"Zimbabwe",2013,364,0
"Zimbabwe",2014,968,0
"Zimbabwe",2015,46,527
"Zimbabwe",2016,0,526
"Zimbabwe",2017,659,0
"Zimbabwe",2018,209,10
"Zimbabwe",2019,396,0
"Zimbabwe",2020,203,0
